SITE,STAGE,TRANSECT_POINT,NORTHING,EASTING,ENVIRON,DIST_FPL,LOCATION,ACTUAL_Z,DATE,D13C_CH4,D13C_CO2,WATER_T,COND,PH,WIND_ONSITE,O2_PERCENT,O2,PCO2,PCH4,O2_Ar
AnRe.1,High,1,12.65388,104.16687,Pelagic,-1960,Central,0.1,10/4/15,-58.881,-35.726,29.88,0.013,6.76,0.5,48.5,3.68,12019.229,8.18,10.82
AnRe.1,High,1,12.65388,104.16687,Pelagic,-1960,Central,0.1,10/4/15,-86.918,-35.484,29.88,0.013,6.76,0.5,48.5,3.68,12196.806,7.8,10.88
AnRe.1,High,1,12.65388,104.16687,Pelagic,-1960,Central,0.1,10/4/15,-93.287,-34.839,29.88,0.013,6.76,0.5,48.5,3.68,11910.753,NA,10.94
AnRe.1,High,1,12.65388,104.16687,Pelagic,-1960,Central,1,10/4/15,-109.089,-37.309,29.88,0.013,6.87,0.5,48.7,3.68,NA,NA,NA
AnRe.1,High,1,12.65388,104.16687,Pelagic,-1960,Central,1,10/4/15,-51.673,-37.344,29.88,0.013,6.87,0.5,48.7,3.68,12424.324,11.71,NA
AnRe.1,High,1,12.65388,104.16687,Pelagic,-1960,Central,1,10/4/15,-111.857,-37.242,29.88,0.013,6.87,0.5,48.7,3.68,12354.016,8.29,NA
AnRe.1,High,1,12.65388,104.16687,Pelagic,-1960,Central,1,10/4/15,-47.222,-50.774,29.88,0.013,6.87,0.5,48.7,3.68,11573.294,8.57,NA
AnRe.1,High,1,12.65388,104.16687,Pelagic,-1960,Central,2,10/4/15,-91.458,-34.483,29.88,0.013,6.9,0.5,48.6,3.68,9958.565,0,NA
AnRe.1,High,1,12.65388,104.16687,Pelagic,-1960,Central,2,10/4/15,-96.375,-35.269,29.88,0.013,6.9,0.5,48.6,3.68,10502.081,0,NA
AnRe.1,High,1,12.65388,104.16687,Pelagic,-1960,Central,2,10/4/15,-95.867,-35.302,29.88,0.013,6.9,0.5,48.6,3.68,10930.705,0,NA
AnRe.1,High,1,12.65388,104.16687,Pelagic,-1960,Central,3,10/4/15,-102.188,-35.679,29.88,0.013,6.91,0.5,48,3.64,10819.503,0,NA
AnRe.1,High,1,12.65388,104.16687,Pelagic,-1960,Central,3,10/4/15,-94.638,-34.204,29.88,0.013,6.91,0.5,48,3.64,10831.743,0,NA
AnRe.1,High,1,12.65388,104.16687,Pelagic,-1960,Central,3,10/4/15,-100.386,-35.152,29.88,0.013,6.91,0.5,48,3.64,10627.75,0,NA
AnRe.1,High,1,12.65388,104.16687,Pelagic,-1960,Central,4.5,10/4/15,-65.787,-34.624,29.88,0.013,6.9,0.5,46.9,3.55,9198.502,6.85,11.04
AnRe.1,High,1,12.65388,104.16687,Pelagic,-1960,Central,4.5,10/4/15,-78.234,-34.508,29.88,0.013,6.9,0.5,46.9,3.55,9487.946,7.19,11.07
AnRe.1,High,1,12.65388,104.16687,Pelagic,-1960,Central,4.5,10/4/15,-89.624,-34.633,29.88,0.013,6.9,0.5,46.9,3.55,9584.218,8.02,10.66
AnRe.1,High,1,12.65388,104.16687,Pelagic,-1960,Central,5.5,10/4/15,NA,NA,NA,NA,NA,NA,NA,NA,NA,NA,NA
AnRe.1,High,1,12.65388,104.16687,Pelagic,-1960,Central,5.5,10/4/15,NA,NA,NA,NA,NA,NA,NA,NA,NA,NA,NA
AnRe.1,High,1,12.65388,104.16687,Pelagic,-1960,Central,5.5,10/4/15,NA,NA,NA,NA,NA,NA,NA,NA,NA,NA,NA
AnRe.2,High,2,12.65222,104.14899,Edge,0,Central,0.1,10/4/15,-14.181,-30.402,30.31,0.01,7.34,1.5,40,3,4067.626,207.81,3.94
AnRe.2,High,2,12.65222,104.14899,Edge,0,Central,0.1,10/4/15,-16.516,-28.773,30.31,0.01,7.34,1.5,40,3,3848.666,212.04,4.33
AnRe.2,High,2,12.65222,104.14899,Edge,0,Central,0.1,10/4/15,-20.229,-28.929,30.31,0.01,7.34,1.5,40,3,3645.865,182.39,NA
AnRe.2,High,2,12.65222,104.14899,Edge,0,Central,0.5,10/4/15,-10.735,-35.303,30.05,0.01,7.17,1.5,23.1,1.75,4068.225,185.16,NA
AnRe.2,High,2,12.65222,104.14899,Edge,0,Central,0.5,10/4/15,-10.672,-35.225,30.05,0.01,7.17,1.5,23.1,1.75,3738.188,177.36,NA
AnRe.2,High,2,12.65222,104.14899,Edge,0,Central,0.5,10/4/15,-8.878,-25.513,30.05,0.01,7.17,1.5,23.1,1.75,3828.719,196.97,NA
AnRe.2,High,2,12.65222,104.14899,Edge,0,Central,1,10/4/15,-47.969,-39.081,29.96,0.01,7.01,1.5,13.5,1.02,6515.956,3463.88,NA
AnRe.2,High,2,12.65222,104.14899,Edge,0,Central,1,10/4/15,-47.96,-37.953,29.96,0.01,7.01,1.5,13.5,1.02,7008.27,3620.72,NA
AnRe.2,High,2,12.65222,104.14899,Edge,0,Central,1,10/4/15,-48.054,-38.593,29.96,0.01,7.01,1.5,13.5,1.02,7405.364,2640.61,NA
AnRe.2,High,2,12.65222,104.14899,Edge,0,Central,2,10/4/15,-37.726,-37.424,29.83,0.01,6.58,1.5,3.4,0.26,5457.583,197.17,NA
AnRe.2,High,2,12.65222,104.14899,Edge,0,Central,2,10/4/15,-15.591,-36.73,29.83,0.01,6.58,1.5,3.4,0.26,5713.796,98.76,NA
AnRe.2,High,2,12.65222,104.14899,Edge,0,Central,2,10/4/15,-12.121,-30.629,29.83,0.01,6.58,1.5,3.4,0.26,5699.3,135.42,NA
AnRe.2,High,2,12.65222,104.14899,Edge,0,Central,3,10/4/15,-53.265,-45.248,29.39,0.01,6.28,1.5,3.1,0.23,8281.42,23217.58,3.94
AnRe.2,High,2,12.65222,104.14899,Edge,0,Central,3,10/4/15,-54.325,-47.243,29.39,0.01,6.28,1.5,3.1,0.23,8532.93,24440.94,4.21
AnRe.2,High,2,12.65222,104.14899,Edge,0,Central,3,10/4/15,-53.354,-46.976,29.39,0.01,6.28,1.5,3.1,0.23,8907.524,29647.5,4.37
AnRe.2,High,2,12.65222,104.14899,Edge,0,Central,4,10/4/15,NA,NA,NA,NA,NA,NA,NA,NA,NA,NA,NA
AnRe.2,High,2,12.65222,104.14899,Edge,0,Central,4,10/4/15,NA,NA,NA,NA,NA,NA,NA,NA,NA,NA,NA
AnRe.2,High,2,12.65222,104.14899,Edge,0,Central,4,10/4/15,NA,NA,NA,NA,NA,NA,NA,NA,NA,NA,NA
AnRe.3,High,3,12.64567,101.14134,Floodplain,1100,Central,0.1,10/4/15,-46.428,-65.762,28.94,0.006,6.34,1.5,5.4,0.41,7109.599,40959.44,NA
AnRe.3,High,3,12.64567,101.14134,Floodplain,1100,Central,0.1,10/4/15,-46.522,-61.332,28.94,0.006,6.34,1.5,5.4,0.41,6494.797,40694.73,NA
AnRe.3,High,3,12.64567,101.14134,Floodplain,1100,Central,0.1,10/4/15,-46.391,-59.901,28.94,0.006,6.34,1.5,5.4,0.41,6513.403,39609.71,NA
AnRe.3,High,3,12.64567,101.14134,Floodplain,1100,Central,0.25,10/4/15,-47.251,-56.418,28.85,0.006,6.17,1.5,4.6,0.35,7901.456,24898.87,NA
AnRe.3,High,3,12.64567,101.14134,Floodplain,1100,Central,0.25,10/4/15,-47.428,-58.735,28.85,0.006,6.17,1.5,4.6,0.35,8161.584,26061.58,NA
AnRe.3,High,3,12.64567,101.14134,Floodplain,1100,Central,0.25,10/4/15,-47.529,-63.386,28.85,0.006,6.17,1.5,4.6,0.35,8343.246,26661.95,NA
AnRe.3,High,3,12.64567,101.14134,Floodplain,1100,Central,0.75,10/4/15,NA,NA,28.79,0.006,6.07,1.5,4.1,0.31,9697.633,35439.63,NA
AnRe.3,High,3,12.64567,101.14134,Floodplain,1100,Central,0.75,10/4/15,NA,NA,28.79,0.006,6.07,1.5,4.1,0.31,8829.088,33173.07,NA
AnRe.3,High,3,12.64567,101.14134,Floodplain,1100,Central,0.75,10/4/15,NA,NA,28.79,0.006,6.07,1.5,4.1,0.31,9410.954,35262.4,NA
AnRe.3,High,3,12.64567,101.14134,Floodplain,1100,Central,1,10/4/15,-48.284,-52.684,28.79,0.006,6.03,1.5,3.9,0.3,8880.827,27890.39,NA
AnRe.3,High,3,12.64567,101.14134,Floodplain,1100,Central,1,10/4/15,-48.306,-51.426,28.79,0.006,6.03,1.5,3.9,0.3,8267.198,29478.51,NA
AnRe.3,High,3,12.64567,101.14134,Floodplain,1100,Central,1,10/4/15,-48.171,-49.508,28.79,0.006,6.03,1.5,3.9,0.3,9037.022,30366.73,NA
AnRe.3,High,3,12.64567,101.14134,Floodplain,1100,Central,1.5,10/4/15,-49.261,-43.057,28.79,0.006,5.96,1.5,3.5,0.27,9715.854,39546.36,NA
AnRe.3,High,3,12.64567,101.14134,Floodplain,1100,Central,1.5,10/4/15,-49.978,-43.536,28.79,0.006,5.96,1.5,3.5,0.27,9837.467,19716.26,NA
AnRe.3,High,3,12.64567,101.14134,Floodplain,1100,Central,1.5,10/4/15,-49.909,-42.629,28.79,0.006,5.96,1.5,3.5,0.27,10032.263,33460.51,NA
AnRe.3,High,3,12.64567,101.14134,Floodplain,1100,Central,1.75,10/4/15,NA,NA,NA,NA,NA,NA,NA,NA,NA,NA,NA
AnRe.3,High,3,12.64567,101.14134,Floodplain,1100,Central,1.75,10/4/15,NA,NA,NA,NA,NA,NA,NA,NA,NA,NA,NA
AnRe.3,High,3,12.64567,101.14134,Floodplain,1100,Central,1.75,10/4/15,NA,NA,NA,NA,NA,NA,NA,NA,NA,NA,NA
AnRe.4,High,4,12.64003,104.13542,Floodplain,2010,Central,0.1,10/4/15,-40.679,-42.393,28.38,0.006,6.17,0.6,9.7,0.75,5208.66,227.35,NA
AnRe.4,High,4,12.64003,104.13542,Floodplain,2010,Central,0.1,10/4/15,0.742,-40.684,28.38,0.006,6.17,0.6,9.7,0.75,5597.446,151.14,NA
AnRe.4,High,4,12.64003,104.13542,Floodplain,2010,Central,0.1,10/4/15,6.876,-39.703,28.38,0.006,6.17,0.6,9.7,0.75,5687.92,142.42,NA
AnRe.4,High,4,12.64003,104.13542,Floodplain,2010,Central,0.5,10/4/15,-20.48,-38.211,28.26,0.006,6.16,0.6,6.5,0.51,5250.409,181.01,NA
AnRe.4,High,4,12.64003,104.13542,Floodplain,2010,Central,0.5,10/4/15,-21.516,-38.279,28.26,0.006,6.16,0.6,6.5,0.51,5446.655,195.43,NA
AnRe.4,High,4,12.64003,104.13542,Floodplain,2010,Central,0.5,10/4/15,-20.23,-39.191,28.26,0.006,6.16,0.6,6.5,0.51,5635.997,168.24,NA
AnRe.4,High,4,12.64003,104.13542,Floodplain,2010,Central,1,10/4/15,-43.191,-41.89,28.12,0.006,6.08,0.6,3.8,0.3,6669.898,2598.15,NA
AnRe.4,High,4,12.64003,104.13542,Floodplain,2010,Central,1,10/4/15,-43.491,-42.161,28.12,0.006,6.08,0.6,3.8,0.3,6818.577,2878.03,NA
AnRe.4,High,4,12.64003,104.13542,Floodplain,2010,Central,1,10/4/15,-43.003,-41.177,28.12,0.006,6.08,0.6,3.8,0.3,6411.164,2574.42,NA
AnRe.4,High,4,12.64003,104.13542,Floodplain,2010,Central,2,10/4/15,-49.296,-51.194,27.91,0.006,6.07,0.6,3.3,0.26,7200.04,8908.49,NA
AnRe.4,High,4,12.64003,104.13542,Floodplain,2010,Central,2,10/4/15,-49.303,-51.629,27.91,0.006,6.07,0.6,3.3,0.26,7087.625,8525.31,NA
AnRe.4,High,4,12.64003,104.13542,Floodplain,2010,Central,2,10/4/15,-49.151,-50.003,27.91,0.006,6.07,0.6,3.3,0.26,7454.765,8300.25,NA
AnRe.4,High,4,12.64003,104.13542,Floodplain,2010,Central,3,10/4/15,-50.613,-58.843,27.85,0.007,6.09,0.6,3.1,0.24,8128.533,18035.13,NA
AnRe.4,High,4,12.64003,104.13542,Floodplain,2010,Central,3,10/4/15,-50.572,-55.746,27.85,0.007,6.09,0.6,3.1,0.24,8445.252,19758.69,NA
AnRe.4,High,4,12.64003,104.13542,Floodplain,2010,Central,3,10/4/15,-50.483,-57.704,27.85,0.007,6.09,0.6,3.1,0.24,7654.32,17243.9,NA
AnRe.4,High,4,12.64003,104.13542,Floodplain,2010,Central,3.5,10/4/15,NA,NA,NA,NA,NA,NA,NA,NA,NA,NA,NA
AnRe.4,High,4,12.64003,104.13542,Floodplain,2010,Central,3.5,10/4/15,NA,NA,NA,NA,NA,NA,NA,NA,NA,NA,NA
AnRe.4,High,4,12.64003,104.13542,Floodplain,2010,Central,3.5,10/4/15,NA,NA,NA,NA,NA,NA,NA,NA,NA,NA,NA
AnRe.5,High,5,12.63007,104.12852,Floodplain,3290,Central,0.1,10/4/15,-10.785,-30.338,29.14,0.006,6.28,1.4,14.5,1.11,5276.285,566.61,NA
AnRe.5,High,5,12.63007,104.12852,Floodplain,3290,Central,0.1,10/4/15,-61.852,-11.748,29.14,0.006,6.28,1.4,14.5,1.11,5123.746,605.88,NA
AnRe.5,High,5,12.63007,104.12852,Floodplain,3290,Central,0.1,10/4/15,-7.774,-41.959,29.14,0.006,6.28,1.4,14.5,1.11,5158.261,510.85,NA
AnRe.5,High,5,12.63007,104.12852,Floodplain,3290,Central,0.25,10/4/15,-25.438,-44.984,28.56,0.006,5.87,1.4,5.1,0.39,6530.448,1257.4,NA
AnRe.5,High,5,12.63007,104.12852,Floodplain,3290,Central,0.25,10/4/15,-19.645,-35.452,28.56,0.006,5.87,1.4,5.1,0.39,6221.572,1109.19,NA
AnRe.5,High,5,12.63007,104.12852,Floodplain,3290,Central,0.25,10/4/15,-25.668,-43.839,28.56,0.006,5.87,1.4,5.1,0.39,6561.499,1239.73,NA
AnRe.5,High,5,12.63007,104.12852,Floodplain,3290,Central,0.5,10/4/15,-30.525,-43.196,28.18,0.006,5.75,1.4,4,0.31,6904.34,1794.18,NA
AnRe.5,High,5,12.63007,104.12852,Floodplain,3290,Central,0.5,10/4/15,-30.02,-45.235,28.18,0.006,5.75,1.4,4,0.31,7274.447,1813.36,NA
AnRe.5,High,5,12.63007,104.12852,Floodplain,3290,Central,0.5,10/4/15,-30.472,-43.315,28.18,0.006,5.75,1.4,4,0.31,7532.765,1784.17,NA
AnRe.5,High,5,12.63007,104.12852,Floodplain,3290,Central,1,10/4/15,-47.249,-45.615,27.94,0.006,5.53,1.4,3.5,0.28,7084.778,6001.24,NA
AnRe.5,High,5,12.63007,104.12852,Floodplain,3290,Central,1,10/4/15,-47.495,-45.772,27.94,0.006,5.53,1.4,3.5,0.28,6652.001,6121.97,NA
AnRe.5,High,5,12.63007,104.12852,Floodplain,3290,Central,1,10/4/15,-47.561,-46.17,27.94,0.006,5.53,1.4,3.5,0.28,7060.025,6711.67,NA
AnRe.5,High,5,12.63007,104.12852,Floodplain,3290,Central,1.25,10/4/15,-49.31,-45.54,27.9,0.006,5.51,1.4,3.4,0.27,7226.551,8398.26,NA
AnRe.5,High,5,12.63007,104.12852,Floodplain,3290,Central,1.25,10/4/15,-48.533,-45.516,27.9,0.006,5.51,1.4,3.4,0.27,7098.678,8736.89,NA
AnRe.5,High,5,12.63007,104.12852,Floodplain,3290,Central,1.25,10/4/15,-48.56,-44.293,27.9,0.006,5.51,1.4,3.4,0.27,7261.917,8138.76,NA
AnRe.5,High,5,12.63007,104.12852,Floodplain,3290,Central,1.5,10/4/15,NA,NA,NA,NA,NA,NA,NA,NA,NA,NA,NA
AnRe.5,High,5,12.63007,104.12852,Floodplain,3290,Central,1.5,10/4/15,NA,NA,NA,NA,NA,NA,NA,NA,NA,NA,NA
AnRe.5,High,5,12.63007,104.12852,Floodplain,3290,Central,1.5,10/4/15,NA,NA,NA,NA,NA,NA,NA,NA,NA,NA,NA
AnRe.6,High,6,12.6254,104.12143,Floodplain,4250,Central,0.1,10/4/15,-40.202,-39.629,29.68,0.006,6.03,0.4,38.5,2.93,3280.008,1023.74,9.75
AnRe.6,High,6,12.6254,104.12143,Floodplain,4250,Central,0.1,10/4/15,-38.978,-42.432,29.68,0.003,6.03,0.4,38.5,2.93,3251.973,882.16,9.4
AnRe.6,High,6,12.6254,104.12143,Floodplain,4250,Central,0.1,10/4/15,-39.391,-37.073,29.68,0.003,6.03,0.4,38.5,2.93,2957.65,713.58,9.71
AnRe.6,High,6,12.6254,104.12143,Floodplain,4250,Central,0.25,10/4/15,-44.153,-40.04,29.58,0.003,5.55,0.4,37.1,2.82,3341.142,979.63,NA
AnRe.6,High,6,12.6254,104.12143,Floodplain,4250,Central,0.5,10/4/15,-39.997,-40.18,29.42,0.003,5.48,0.4,34.2,2.61,3679.159,1246.21,NA
AnRe.6,High,6,12.6254,104.12143,Floodplain,4250,Central,0.5,10/4/15,-39.874,-43.512,29.42,0.003,5.48,0.4,34.2,2.61,3574.456,925.16,NA
AnRe.6,High,6,12.6254,104.12143,Floodplain,4250,Central,0.5,10/4/15,-39.877,-40.066,29.42,0.003,5.48,0.4,34.2,2.61,3737.578,1205.54,NA
AnRe.6,High,6,12.6254,104.12143,Floodplain,4250,Central,0.75,10/4/15,-37.158,-41.555,29.37,0.003,5.39,0.4,33.7,2.58,NA,NA,6.26
AnRe.6,High,6,12.6254,104.12143,Floodplain,4250,Central,0.75,10/4/15,-46.86,-40.385,29.37,0.003,5.39,0.4,33.7,2.58,NA,NA,6.29
AnRe.6,High,6,12.6254,104.12143,Floodplain,4250,Central,0.75,10/4/15,-47.228,-42.125,29.37,0.003,5.39,0.4,33.7,2.58,NA,NA,9.61
AnRe.6,High,6,12.6254,104.12143,Floodplain,4250,Central,1,10/4/15,NA,NA,NA,NA,NA,NA,NA,NA,NA,NA,NA
AnRe.6,High,6,12.6254,104.12143,Floodplain,4250,Central,1,10/4/15,NA,NA,NA,NA,NA,NA,NA,NA,NA,NA,NA
AnRe.6,High,6,12.6254,104.12143,Floodplain,4250,Central,1,10/4/15,NA,NA,NA,NA,NA,NA,NA,NA,NA,NA,NA
KaPr.1,High,1,12.51286,104.48435,Pelagic,-390,Southwest,0.1,10/25/15,-36.961,-22.644,31.79,0.011,7.15,1.2,80.1,5.89,8899.073,114.86,15.45
KaPr.1,High,1,12.51286,104.48435,Pelagic,-390,Southwest,0.1,10/25/15,-31.643,-35.135,31.79,0.011,7.15,1.2,80.1,5.89,9621.195,136.04,15.61
KaPr.1,High,1,12.51286,104.48435,Pelagic,-390,Southwest,0.1,10/25/15,-31.518,-35.153,31.79,0.011,7.15,1.2,80.1,5.89,10043.278,157.97,15.55
KaPr.1,High,1,12.51286,104.48435,Pelagic,-390,Southwest,1,10/25/15,-29.994,-31.848,30.8,0.011,7.01,1.2,69.1,5.16,7886.799,172.71,NA
KaPr.1,High,1,12.51286,104.48435,Pelagic,-390,Southwest,1,10/25/15,-31.335,-33.294,30.8,0.011,7.01,1.2,69.1,5.16,10043.751,157.98,NA
KaPr.1,High,1,12.51286,104.48435,Pelagic,-390,Southwest,1,10/25/15,-31.651,-36.048,30.8,0.011,7.01,1.2,69.1,5.16,7770.05,149.61,NA
KaPr.1,High,1,12.51286,104.48435,Pelagic,-390,Southwest,2,10/25/15,-31.492,-34.761,30.57,0.011,7.02,1.2,72.9,5.51,6777.62,179.15,NA
KaPr.1,High,1,12.51286,104.48435,Pelagic,-390,Southwest,2,10/25/15,-31.655,-36.271,30.57,0.011,7.02,1.2,72.9,5.51,7288.732,158.39,NA
KaPr.1,High,1,12.51286,104.48435,Pelagic,-390,Southwest,2,10/25/15,-30.203,-32.327,30.57,0.011,7.02,1.2,72.9,5.51,7037.762,146.57,NA
KaPr.1,High,1,12.51286,104.48435,Pelagic,-390,Southwest,4,10/25/15,-125.743,-43.211,30.56,0.011,7.01,1.2,73.6,5.51,5580.937,5.8,NA
KaPr.1,High,1,12.51286,104.48435,Pelagic,-390,Southwest,4,10/25/15,-192.776,-47.942,30.56,0.011,7.01,1.2,73.6,5.51,5053.409,5.8,NA
KaPr.1,High,1,12.51286,104.48435,Pelagic,-390,Southwest,4,10/25/15,-196.739,-46.751,30.56,0.011,7.01,1.2,73.6,5.51,6607.634,5.8,NA
KaPr.1,High,1,12.51286,104.48435,Pelagic,-390,Southwest,5,10/25/15,-35.198,-37.89,30.55,0.011,7,1.2,73.1,5.47,9271.494,168.66,14.85
KaPr.1,High,1,12.51286,104.48435,Pelagic,-390,Southwest,5,10/25/15,-34.909,-35.126,30.55,0.011,7,1.2,73.1,5.47,9169.12,148,15.08
KaPr.1,High,1,12.51286,104.48435,Pelagic,-390,Southwest,5,10/25/15,-34.092,-36.663,30.55,0.011,7,1.2,73.1,5.47,8659.142,129.36,14.81
KaPr.1,High,1,12.51286,104.48435,Pelagic,-390,Southwest,6.75,10/25/15,NA,NA,NA,NA,NA,NA,NA,NA,NA,NA,NA
KaPr.1,High,1,12.51286,104.48435,Pelagic,-390,Southwest,6.75,10/25/15,NA,NA,NA,NA,NA,NA,NA,NA,NA,NA,NA
KaPr.1,High,1,12.51286,104.48435,Pelagic,-390,Southwest,6.75,10/25/15,NA,NA,NA,NA,NA,NA,NA,NA,NA,NA,NA
KaPr.2,High,2,12.51012,104.48435,Edge,0,Southwest,0.1,10/25/15,-23.655,-38.148,30.64,0.011,6.55,2.1,27.1,2.03,14089.33,270.15,8.44
KaPr.2,High,2,12.51012,104.48435,Edge,0,Southwest,0.1,10/25/15,-23.341,-37.414,30.64,0.011,6.55,2.1,27.1,2.03,13993.188,252.65,8.62
KaPr.2,High,2,12.51012,104.48435,Edge,0,Southwest,0.1,10/25/15,-23.375,-37.305,30.64,0.011,6.55,2.1,27.1,2.03,14397.127,241.05,8.49
KaPr.2,High,2,12.51012,104.48435,Edge,0,Southwest,1,10/25/15,-26.301,-36.869,30.67,0.011,6.66,2.1,26.6,1.99,11602.027,210.63,NA
KaPr.2,High,2,12.51012,104.48435,Edge,0,Southwest,1,10/25/15,-22.533,-39.3,30.67,0.011,6.66,2.1,26.6,1.99,10257.445,192.98,NA
KaPr.2,High,2,12.51012,104.48435,Edge,0,Southwest,1,10/25/15,-21.305,-38.853,30.67,0.011,6.66,2.1,26.6,1.99,11602.743,189.93,NA
KaPr.2,High,2,12.51012,104.48435,Edge,0,Southwest,2,10/25/15,-22.637,-39.538,30.68,0.011,6.65,2.1,25.1,1.88,12391.87,246.76,NA
KaPr.2,High,2,12.51012,104.48435,Edge,0,Southwest,2,10/25/15,-22.187,-37.695,30.68,0.011,6.65,2.1,25.1,1.88,11349.246,243.66,NA
KaPr.2,High,2,12.51012,104.48435,Edge,0,Southwest,2,10/25/15,-23.35,-39.196,30.68,0.011,6.65,2.1,25.1,1.88,11439.067,234.31,NA
KaPr.2,High,2,12.51012,104.48435,Edge,0,Southwest,2.5,10/25/15,-20.437,-37.308,30.65,0.011,6.66,2.1,24.1,1.79,12011.488,265.34,NA
KaPr.2,High,2,12.51012,104.48435,Edge,0,Southwest,2.5,10/25/15,-20.115,-36.458,30.65,0.011,6.66,2.1,24.1,1.79,11374.472,239.38,NA
KaPr.2,High,2,12.51012,104.48435,Edge,0,Southwest,2.5,10/25/15,-20.483,-39.222,30.65,0.011,6.66,2.1,24.1,1.79,11778.962,249.55,NA
KaPr.2,High,2,12.51012,104.48435,Edge,0,Southwest,2.75,10/25/15,-33.904,-36.942,30.67,0.011,6.65,2.1,24.5,1.83,14657.258,302.84,NA
KaPr.2,High,2,12.51012,104.48435,Edge,0,Southwest,2.75,10/25/15,-34.067,-38.254,30.67,0.011,6.65,2.1,24.5,1.83,15351.096,327.91,7.863
KaPr.2,High,2,12.51012,104.48435,Edge,0,Southwest,2.75,10/25/15,-35.13,-37.879,30.67,0.011,6.65,2.1,24.5,1.83,15102.093,342.33,7.972
KaPr.2,High,2,12.51012,104.48435,Edge,0,Southwest,3,10/25/15,NA,NA,NA,NA,NA,NA,NA,NA,NA,NA,NA
KaPr.2,High,2,12.51012,104.48435,Edge,0,Southwest,3,10/25/15,NA,NA,NA,NA,NA,NA,NA,NA,NA,NA,NA
KaPr.2,High,2,12.51012,104.48435,Edge,0,Southwest,3,10/25/15,NA,NA,NA,NA,NA,NA,NA,NA,NA,NA,NA
KaPr.3,High,3,12.50553,104.47363,Floodplain,1310,Southwest,0.1,10/25/15,-28.863,-38.382,30.84,0.012,6.56,0.8,27.3,2.03,13642.491,820.2,8.18
KaPr.3,High,3,12.50553,104.47363,Floodplain,1310,Southwest,0.1,10/25/15,-23.755,-37.26,30.84,0.012,6.56,0.8,27.3,2.03,14547.216,853.01,NA
KaPr.3,High,3,12.50553,104.47363,Floodplain,1310,Southwest,0.1,10/25/15,-22.676,-39.149,30.84,0.012,6.56,0.8,27.3,2.03,14024.659,956.92,NA
KaPr.3,High,3,12.50553,104.47363,Floodplain,1310,Southwest,0.5,10/25/15,-33.603,-36.314,30.41,0.012,6.53,0.8,17.1,1.29,14420.101,697.23,NA
KaPr.3,High,3,12.50553,104.47363,Floodplain,1310,Southwest,0.5,10/25/15,-21.841,-36.692,30.41,0.012,6.53,0.8,17.1,1.29,12105.897,604.59,NA
KaPr.3,High,3,12.50553,104.47363,Floodplain,1310,Southwest,0.5,10/25/15,-21.442,-37.636,30.41,0.012,6.53,0.8,17.1,1.29,15006.56,726.36,NA
KaPr.3,High,3,12.50553,104.47363,Floodplain,1310,Southwest,1,10/25/15,NA,NA,30.29,0.012,6.51,0.8,12.1,0.87,12982.112,8.36,NA
KaPr.3,High,3,12.50553,104.47363,Floodplain,1310,Southwest,1,10/25/15,NA,NA,30.29,0.012,6.51,0.8,12.1,0.87,11480.188,5.8,NA
KaPr.3,High,3,12.50553,104.47363,Floodplain,1310,Southwest,1,10/25/15,NA,NA,30.29,0.012,6.51,0.8,12.1,0.87,13863.706,5.8,NA
KaPr.3,High,3,12.50553,104.47363,Floodplain,1310,Southwest,2,10/25/15,NA,NA,30.24,0.012,6.42,0.8,3.6,0.27,14126.152,2108.19,NA
KaPr.3,High,3,12.50553,104.47363,Floodplain,1310,Southwest,2,10/25/15,NA,NA,30.24,0.012,6.42,0.8,3.6,0.27,15328.475,2578.75,NA
KaPr.3,High,3,12.50553,104.47363,Floodplain,1310,Southwest,2,10/25/15,NA,NA,30.24,0.012,6.42,0.8,3.6,0.27,16468.536,2573.05,NA
KaPr.3,High,3,12.50553,104.47363,Floodplain,1310,Southwest,2.5,10/25/15,-19.234,-35.876,30.21,0.012,6.36,0.8,3.9,0.3,20803.148,12051.8,NA
KaPr.3,High,3,12.50553,104.47363,Floodplain,1310,Southwest,2.5,10/25/15,-19.747,-37.339,30.21,0.012,6.36,0.8,3.9,0.3,21684.441,13665.02,NA
KaPr.3,High,3,12.50553,104.47363,Floodplain,1310,Southwest,2.5,10/25/15,-19.796,-37.795,30.21,0.012,6.36,0.8,3.9,0.3,22164.658,13367.83,NA
KaPr.3,High,3,12.50553,104.47363,Floodplain,1310,Southwest,2.75,10/25/15,NA,NA,NA,NA,NA,NA,NA,NA,NA,NA,NA
KaPr.3,High,3,12.50553,104.47363,Floodplain,1310,Southwest,2.75,10/25/15,NA,NA,NA,NA,NA,NA,NA,NA,NA,NA,NA
KaPr.3,High,3,12.50553,104.47363,Floodplain,1310,Southwest,2.75,10/25/15,NA,NA,NA,NA,NA,NA,NA,NA,NA,NA,NA
KaPr.4,High,4,12.49585,104.47293,Floodplain,2030,Southwest,0.1,10/25/15,-33.087,-37.589,31.52,0.012,6.61,0.9,25.1,1.8,10372.657,1058.12,NA
KaPr.4,High,4,12.49585,104.47293,Floodplain,2030,Southwest,0.1,10/25/15,-31.131,-36.731,31.52,0.012,6.61,0.9,25.1,1.8,10229.502,699.41,NA
KaPr.4,High,4,12.49585,104.47293,Floodplain,2030,Southwest,0.1,10/25/15,-31.812,-37.248,31.52,0.012,6.61,0.9,25.1,1.8,10793.366,873.73,NA
KaPr.4,High,4,12.49585,104.47293,Floodplain,2030,Southwest,0.5,10/25/15,-28.893,-37.44,30.83,0.012,6.54,0.9,12.8,0.95,10721.424,993.32,NA
KaPr.4,High,4,12.49585,104.47293,Floodplain,2030,Southwest,0.5,10/25/15,-28.952,-39.72,30.83,0.012,6.54,0.9,12.8,0.95,11206.052,1027.36,NA
KaPr.4,High,4,12.49585,104.47293,Floodplain,2030,Southwest,0.5,10/25/15,-28.563,-39.633,30.83,0.012,6.54,0.9,12.8,0.95,12141.998,1105.48,NA
KaPr.4,High,4,12.49585,104.47293,Floodplain,2030,Southwest,1,10/25/15,NA,NA,30.67,0.012,6.49,0.9,6.3,0.46,14312.613,1589.46,NA
KaPr.4,High,4,12.49585,104.47293,Floodplain,2030,Southwest,1,10/25/15,NA,NA,30.67,0.012,6.49,0.9,6.3,0.46,13844.764,1517.93,NA
KaPr.4,High,4,12.49585,104.47293,Floodplain,2030,Southwest,1,10/25/15,NA,NA,30.67,0.012,6.49,0.9,6.3,0.46,15908.3,1635.89,NA
KaPr.4,High,4,12.49585,104.47293,Floodplain,2030,Southwest,2,10/25/15,NA,NA,30.51,0.012,6.43,0.9,3.5,0.26,18924.84,5632.34,NA
KaPr.4,High,4,12.49585,104.47293,Floodplain,2030,Southwest,2,10/25/15,NA,NA,30.51,0.012,6.43,0.9,3.5,0.26,18457.641,6154.06,NA
KaPr.4,High,4,12.49585,104.47293,Floodplain,2030,Southwest,2,10/25/15,NA,NA,30.51,0.012,6.43,0.9,3.5,0.26,19104.738,6451.11,NA
KaPr.4,High,4,12.49585,104.47293,Floodplain,2030,Southwest,2.5,10/25/15,-52.021,-43.416,30.46,0.012,6.36,0.9,3.7,0.28,19018.801,11758.05,NA
KaPr.4,High,4,12.49585,104.47293,Floodplain,2030,Southwest,2.5,10/25/15,-52.168,-43.395,30.46,0.012,6.36,0.9,3.7,0.28,19630.959,12223.11,NA
KaPr.4,High,4,12.49585,104.47293,Floodplain,2030,Southwest,2.5,10/25/15,-52.061,-43.254,30.46,0.012,6.36,0.9,3.7,0.28,19711.834,12299.63,NA
KaPr.4,High,4,12.49585,104.47293,Floodplain,2030,Southwest,2.75,10/25/15,NA,NA,NA,NA,NA,NA,NA,NA,NA,NA,NA
KaPr.4,High,4,12.49585,104.47293,Floodplain,2030,Southwest,2.75,10/25/15,NA,NA,NA,NA,NA,NA,NA,NA,NA,NA,NA
KaPr.4,High,4,12.49585,104.47293,Floodplain,2030,Southwest,2.75,10/25/15,NA,NA,NA,NA,NA,NA,NA,NA,NA,NA,NA
KaPr.5,High,5,12.48966,104.46839,Floodplain,2850,Southwest,0.1,10/25/15,-13.236,-35.87,31.59,0.012,6.74,0,43.2,3.15,11610.163,577.98,17.12
KaPr.5,High,5,12.48966,104.46839,Floodplain,2850,Southwest,0.1,10/25/15,-14.236,-36.107,31.59,0.012,6.74,0,43.2,3.15,10374.587,596.45,16.3
KaPr.5,High,5,12.48966,104.46839,Floodplain,2850,Southwest,0.1,10/25/15,-11.817,-31.19,31.59,0.012,6.74,0,43.2,3.15,10070.883,544.08,17.55
KaPr.5,High,5,12.48966,104.46839,Floodplain,2850,Southwest,0.5,10/25/15,-9.133,-36.558,30.62,0.012,6.52,0,15.5,1.16,14256.294,525.6,NA
KaPr.5,High,5,12.48966,104.46839,Floodplain,2850,Southwest,0.5,10/25/15,-9.224,-36.275,30.62,0.012,6.52,0,15.5,1.16,12591.251,491.18,NA
KaPr.5,High,5,12.48966,104.46839,Floodplain,2850,Southwest,0.5,10/25/15,-9.621,-38.02,30.62,0.012,6.52,0,15.5,1.16,12788.975,431.26,NA
KaPr.5,High,5,12.48966,104.46839,Floodplain,2850,Southwest,1,10/25/15,-14.747,-38.535,30.41,0.012,6.37,0,6.9,0.51,14617.74,587.55,NA
KaPr.5,High,5,12.48966,104.46839,Floodplain,2850,Southwest,1,10/25/15,-15.47,-40.148,30.41,0.012,6.37,0,6.9,0.51,13565.763,692.23,NA
KaPr.5,High,5,12.48966,104.46839,Floodplain,2850,Southwest,1,10/25/15,-15.313,-39.603,30.41,0.012,6.37,0,6.9,0.51,13707.734,625.82,NA
KaPr.5,High,5,12.48966,104.46839,Floodplain,2850,Southwest,1.5,10/25/15,NA,NA,30.25,0.012,6.29,0,4.4,0.33,16785.507,3330.41,NA
KaPr.5,High,5,12.48966,104.46839,Floodplain,2850,Southwest,1.5,10/25/15,NA,NA,30.25,0.012,6.29,0,4.4,0.33,15169.05,2765.01,NA
KaPr.5,High,5,12.48966,104.46839,Floodplain,2850,Southwest,1.5,10/25/15,NA,NA,30.25,0.012,6.29,0,4.4,0.33,13591.72,2514.44,4.74
KaPr.5,High,5,12.48966,104.46839,Floodplain,2850,Southwest,2,10/25/15,-37.197,-40.729,30.18,0.012,6.19,0,4.1,0.31,16274.84,5583.19,4.74
KaPr.5,High,5,12.48966,104.46839,Floodplain,2850,Southwest,2,10/25/15,-35.463,-39.742,30.18,0.012,6.19,0,4.1,0.31,14275.188,3535.78,4.58
KaPr.5,High,5,12.48966,104.46839,Floodplain,2850,Southwest,2,10/25/15,-46.839,-41.734,30.18,0.012,6.19,0,4.1,0.31,14960.003,5429.91,4.93
KaPr.5,High,5,12.48966,104.46839,Floodplain,2850,Southwest,2.25,10/25/15,NA,NA,NA,NA,NA,NA,NA,NA,NA,NA,NA
KaPr.5,High,5,12.48966,104.46839,Floodplain,2850,Southwest,2.25,10/25/15,NA,NA,NA,NA,NA,NA,NA,NA,NA,NA,NA
KaPr.5,High,5,12.48966,104.46839,Floodplain,2850,Southwest,2.25,10/25/15,NA,NA,NA,NA,NA,NA,NA,NA,NA,NA,NA
KaPr.6,High,6,12.48377,104.46389,Floodplain,3610,Southwest,0.1,10/25/15,-33.449,-39.315,29.19,0.007,6.48,0.9,27.2,2.08,8522.943,1400.4,NA
KaPr.6,High,6,12.48377,104.46389,Floodplain,3610,Southwest,0.1,10/25/15,-34.089,-38.92,29.19,0.007,6.48,0.9,27.2,2.08,7877.455,1326.01,NA
KaPr.6,High,6,12.48377,104.46389,Floodplain,3610,Southwest,0.1,10/25/15,-34.445,-41.845,29.19,0.007,6.48,0.9,27.2,2.08,7389.105,1312.16,NA
KaPr.6,High,6,12.48377,104.46389,Floodplain,3610,Southwest,0.25,10/25/15,-35.69,-41.099,29.16,0.007,6,0.9,21.6,1.63,8367.069,2056.87,NA
KaPr.6,High,6,12.48377,104.46389,Floodplain,3610,Southwest,0.25,10/25/15,-33.954,-39.917,29.16,0.007,6,0.9,21.6,1.63,10319.468,2026.22,NA
KaPr.6,High,6,12.48377,104.46389,Floodplain,3610,Southwest,0.5,10/25/15,NA,NA,29.16,0.007,6,0.9,21.6,1.63,9796.484,1931.34,NA
KaPr.6,High,6,12.48377,104.46389,Floodplain,3610,Southwest,0.5,10/25/15,NA,NA,NA,NA,NA,0.9,NA,NA,NA,NA,NA
KaPr.6,High,6,12.48377,104.46389,Floodplain,3610,Southwest,0.5,10/25/15,NA,NA,NA,NA,NA,0.9,NA,NA,NA,NA,NA
KaPr.6,High,6,12.48377,104.46389,Floodplain,3610,Southwest,0.5,10/25/15,NA,NA,NA,NA,NA,0.9,NA,NA,NA,NA,NA
PrKo.1,High,1,13.0735,103.71883,Pelagic,-2780,Northwest,0.1,11/4/15,-27.09,-42.242,30.29,0.017,6.62,1.9,11.4,0.87,16186.791,11268.8,6.57
PrKo.1,High,1,13.0735,103.71883,Pelagic,-2780,Northwest,0.1,11/4/15,-27.134,-42.745,30.29,0.017,6.62,1.9,11.4,0.87,18723.585,10373.49,6.45
PrKo.1,High,1,13.0735,103.71883,Pelagic,-2780,Northwest,0.1,11/4/15,-27.15,-43.188,30.29,0.017,6.62,1.9,11.4,0.87,15658.555,10186.01,6.69
PrKo.1,High,1,13.0735,103.71883,Pelagic,-2780,Northwest,0.5,11/4/15,-27.622,-44.004,30.3,0.017,6.63,1.9,9.8,0.74,21421.494,10055.97,NA
PrKo.1,High,1,13.0735,103.71883,Pelagic,-2780,Northwest,0.5,11/4/15,-27.802,-44.336,30.3,0.017,6.63,1.9,9.8,0.74,21739.407,10903.79,NA
PrKo.1,High,1,13.0735,103.71883,Pelagic,-2780,Northwest,0.5,11/4/15,-27.895,-44.799,30.3,0.017,6.63,1.9,9.8,0.74,21674.244,11199.07,NA
PrKo.1,High,1,13.0735,103.71883,Pelagic,-2780,Northwest,1,11/4/15,-28.831,-44.401,30.29,0.017,6.56,1.9,7.9,0.58,20929.815,10998.43,NA
PrKo.1,High,1,13.0735,103.71883,Pelagic,-2780,Northwest,1,11/4/15,-28.682,-43.446,30.29,0.017,6.56,1.9,7.9,0.58,21894.953,11789.06,NA
PrKo.1,High,1,13.0735,103.71883,Pelagic,-2780,Northwest,1,11/4/15,-28.729,-43.806,30.29,0.017,6.56,1.9,7.9,0.58,21365.156,11595.62,NA
PrKo.1,High,1,13.0735,103.71883,Pelagic,-2780,Northwest,2.5,11/4/15,-25.658,-43.125,30.31,0.017,6.51,1.9,7.8,0.59,16641.893,5.8,NA
PrKo.1,High,1,13.0735,103.71883,Pelagic,-2780,Northwest,2.5,11/4/15,-25.738,-43.131,30.31,0.017,6.51,1.9,7.8,0.59,17003.622,5.8,NA
PrKo.1,High,1,13.0735,103.71883,Pelagic,-2780,Northwest,2.5,11/4/15,-25.768,-42.934,30.31,0.017,6.51,1.9,7.8,0.59,16150.898,5.8,NA
PrKo.1,High,1,13.0735,103.71883,Pelagic,-2780,Northwest,3.5,11/4/15,-28.152,-43.38,30.26,0.017,6.49,1.9,7.4,0.55,15912.924,7690.9,1.97
PrKo.1,High,1,13.0735,103.71883,Pelagic,-2780,Northwest,3.5,11/4/15,-24.635,-39.785,30.26,0.017,6.49,1.9,7.4,0.55,16481.222,7787.23,1.52
PrKo.1,High,1,13.0735,103.71883,Pelagic,-2780,Northwest,3.5,11/4/15,-24.552,-40.658,30.26,0.017,6.49,NA,7.4,0.55,14789.73,7454.35,1.76
PrKo.1,High,1,13.0735,103.71883,Pelagic,-2780,Northwest,4,11/4/15,NA,NA,NA,NA,NA,NA,NA,NA,NA,NA,NA
PrKo.1,High,1,13.0735,103.71883,Pelagic,-2780,Northwest,4,11/4/15,NA,NA,NA,NA,NA,NA,NA,NA,NA,NA,NA
PrKo.1,High,1,13.0735,103.71883,Pelagic,-2780,Northwest,4,11/4/15,NA,NA,NA,NA,NA,NA,NA,NA,NA,NA,NA
PrKo.2,High,2,13.06167,103.69593,Edge,0,Northwest,0.1,11/4/15,-49.617,-41.926,30.62,0.019,6.12,1.9,6.1,0.46,20180.021,54350,18.28
PrKo.2,High,2,13.06167,103.69593,Edge,0,Northwest,0.1,11/4/15,-49.604,-41.8,30.62,0.019,6.12,1.9,6.1,0.46,19588.513,55347.43,12.85
PrKo.2,High,2,13.06167,103.69593,Edge,0,Northwest,0.1,11/4/15,-49.726,-42.14,30.62,0.019,6.12,1.9,6.1,0.46,20672.378,55753.13,12.97
PrKo.2,High,2,13.06167,103.69593,Edge,0,Northwest,0.5,11/4/15,-50.381,-48.988,30.4,0.019,6.17,1.9,4.7,0.35,20822.559,38909.18,NA
PrKo.2,High,2,13.06167,103.69593,Edge,0,Northwest,0.5,11/4/15,-50.315,-50.557,30.4,0.019,6.17,1.9,4.7,0.35,12513.345,45177.9,NA
PrKo.2,High,2,13.06167,103.69593,Edge,0,Northwest,0.5,11/4/15,-50.568,-46.7,30.4,0.019,6.17,1.9,4.7,0.35,14209.067,46772.81,NA
PrKo.2,High,2,13.06167,103.69593,Edge,0,Northwest,1,11/4/15,-50.08,-47.009,30.33,0.019,6.16,1.9,4.3,0.32,24121.552,38819.22,NA
PrKo.2,High,2,13.06167,103.69593,Edge,0,Northwest,1,11/4/15,-50.163,-49.328,30.33,0.019,6.16,1.9,4.3,0.32,12888.238,45181.83,NA
PrKo.2,High,2,13.06167,103.69593,Edge,0,Northwest,1,11/4/15,-50.302,-51.262,30.33,0.019,6.16,1.9,4.3,0.32,12727.766,46057.2,NA
PrKo.2,High,2,13.06167,103.69593,Edge,0,Northwest,2.5,11/4/15,-50.432,-43.64,30.29,0.019,6.18,1.9,3.8,0.29,13254.935,37665.47,NA
PrKo.2,High,2,13.06167,103.69593,Edge,0,Northwest,2.5,11/4/15,-50.63,-42.155,30.29,0.019,6.18,1.9,3.8,0.29,12617.842,40599.66,NA
PrKo.2,High,2,13.06167,103.69593,Edge,0,Northwest,2.5,11/4/15,-50.956,-42.388,30.29,0.019,6.18,1.9,3.8,0.29,13224.02,39974.96,NA
PrKo.2,High,2,13.06167,103.69593,Edge,0,Northwest,3.5,11/4/15,-51.086,-40.869,30.29,0.019,6.2,1.9,3.7,0.27,23895.768,37451.42,3.78
PrKo.2,High,2,13.06167,103.69593,Edge,0,Northwest,3.5,11/4/15,-50.953,-41.209,30.29,0.019,6.2,1.9,3.7,0.27,23175.752,42744.05,4.06
PrKo.2,High,2,13.06167,103.69593,Edge,0,Northwest,3.5,11/4/15,-50.124,-48.112,30.29,0.019,6.2,1.9,3.7,0.27,13592.749,41817.94,4.2
PrKo.2,High,2,13.06167,103.69593,Edge,0,Northwest,4.25,11/4/15,NA,NA,NA,NA,NA,NA,NA,NA,NA,NA,NA
PrKo.2,High,2,13.06167,103.69593,Edge,0,Northwest,4.25,11/4/15,NA,NA,NA,NA,NA,NA,NA,NA,NA,NA,NA
PrKo.2,High,2,13.06167,103.69593,Edge,0,Northwest,4.25,11/4/15,NA,NA,NA,NA,NA,NA,NA,NA,NA,NA,NA
PrKo.3,High,3,13.06082,103.68385,Floodplain,1380,Northwest,0.1,11/4/15,-15.509,-40.537,29.37,0.018,6.56,1.2,14.2,1.04,15988.437,8860.79,NA
PrKo.3,High,3,13.06082,103.68385,Floodplain,1380,Northwest,0.1,11/4/15,-14.991,-39.667,29.37,0.018,6.56,1.2,14.2,1.04,15158.415,5762.73,NA
PrKo.3,High,3,13.06082,103.68385,Floodplain,1380,Northwest,0.1,11/4/15,-14.574,-40.866,29.37,0.018,6.56,1.2,14.2,1.04,15516.436,4020.76,NA
PrKo.3,High,3,13.06082,103.68385,Floodplain,1380,Northwest,0.25,11/4/15,-15.119,-41.227,29.49,0.018,6.51,1.2,8.3,0.6,16924.482,3913.26,NA
PrKo.3,High,3,13.06082,103.68385,Floodplain,1380,Northwest,0.25,11/4/15,-14.7,-41.171,29.49,0.018,6.51,1.2,8.3,0.6,15476.219,2950.45,NA
PrKo.3,High,3,13.06082,103.68385,Floodplain,1380,Northwest,0.25,11/4/15,-12.273,-36.97,29.49,0.018,6.51,1.2,8.3,0.6,15158.184,2678.49,NA
PrKo.3,High,3,13.06082,103.68385,Floodplain,1380,Northwest,1,11/4/15,-21.366,-40.11,29.09,0.018,6.34,1.2,4.6,0.36,15647.873,4054.21,NA
PrKo.3,High,3,13.06082,103.68385,Floodplain,1380,Northwest,1,11/4/15,-21.826,-39.753,29.09,0.018,6.34,1.2,4.6,0.36,13594.886,2965.13,NA
PrKo.3,High,3,13.06082,103.68385,Floodplain,1380,Northwest,1,11/4/15,-21.961,-40.291,29.09,0.018,6.34,1.2,4.6,0.36,16325.575,3897.86,NA
PrKo.3,High,3,13.06082,103.68385,Floodplain,1380,Northwest,2,11/4/15,-24.402,-41.559,29.03,0.018,6.21,1.2,4.1,0.32,14985.721,4518.8,NA
PrKo.3,High,3,13.06082,103.68385,Floodplain,1380,Northwest,2,11/4/15,-23.563,-39.549,29.03,0.018,6.21,1.2,4.1,0.32,15452.351,5604.78,NA
PrKo.3,High,3,13.06082,103.68385,Floodplain,1380,Northwest,2,11/4/15,-24.535,-41.244,29.03,0.018,6.21,1.2,4.1,0.32,16870.278,7653.61,NA
PrKo.3,High,3,13.06082,103.68385,Floodplain,1380,Northwest,2.5,11/4/15,-45.77,-47.053,29.01,0.019,6.31,1.2,4,0.31,20238.585,21784.29,NA
PrKo.3,High,3,13.06082,103.68385,Floodplain,1380,Northwest,2.5,11/4/15,-45.739,-47.048,29.01,0.019,6.31,1.2,4,0.31,17688.605,17174.04,NA
PrKo.3,High,3,13.06082,103.68385,Floodplain,1380,Northwest,2.5,11/4/15,-45.536,-46.251,29.01,0.019,6.31,1.2,4,0.31,20293.402,17965.85,NA
PrKo.3,High,3,13.06082,103.68385,Floodplain,1380,Northwest,3,11/4/15,NA,NA,NA,NA,NA,NA,NA,NA,NA,NA,NA
PrKo.3,High,3,13.06082,103.68385,Floodplain,1380,Northwest,3,11/4/15,NA,NA,NA,NA,NA,NA,NA,NA,NA,NA,NA
PrKo.3,High,3,13.06082,103.68385,Floodplain,1380,Northwest,3,11/4/15,NA,NA,NA,NA,NA,NA,NA,NA,NA,NA,NA
PrKo.4,High,4,13.05496,103.68333,Floodplain,1570,Northwest,0.1,11/4/15,-33.307,-41.942,28.6,0.018,6.55,0.5,11.9,0.9,16609.206,8696.34,NA
PrKo.4,High,4,13.05496,103.68333,Floodplain,1570,Northwest,0.1,11/4/15,-33.084,-42.125,28.6,0.018,6.55,0.5,11.9,0.9,16997.66,8348.28,NA
PrKo.4,High,4,13.05496,103.68333,Floodplain,1570,Northwest,0.1,11/4/15,-33.096,-42.064,28.6,0.018,6.55,0.5,11.9,0.9,17034.63,8897.86,NA
PrKo.4,High,4,13.05496,103.68333,Floodplain,1570,Northwest,0.25,11/4/15,-37.18,-47.54,29.52,0.018,6.55,0.5,7.4,0.56,16716.213,5143.98,NA
PrKo.4,High,4,13.05496,103.68333,Floodplain,1570,Northwest,0.25,11/4/15,-32.556,-40.09,29.52,0.018,6.55,0.5,7.4,0.56,16847.758,5.8,NA
PrKo.4,High,4,13.05496,103.68333,Floodplain,1570,Northwest,0.25,11/4/15,-32.387,-39.849,29.52,0.018,6.55,0.5,7.4,0.56,16897.224,5.8,NA
PrKo.4,High,4,13.05496,103.68333,Floodplain,1570,Northwest,1,11/4/15,-36.044,-40.503,29.35,0.018,6.52,0.5,5.2,0.4,17559.914,11480.38,NA
PrKo.4,High,4,13.05496,103.68333,Floodplain,1570,Northwest,1,11/4/15,-36.045,-39.355,29.35,0.018,6.52,0.5,5.2,0.4,18075.876,12797.23,NA
PrKo.4,High,4,13.05496,103.68333,Floodplain,1570,Northwest,1,11/4/15,-35.869,-25.39,29.35,0.018,6.52,0.5,5.2,0.4,17131.506,11421.53,NA
PrKo.4,High,4,13.05496,103.68333,Floodplain,1570,Northwest,1.5,11/4/15,-37.052,-43.941,29.33,0.018,6.51,0.5,4.6,0.35,18172.427,8777.05,NA
PrKo.4,High,4,13.05496,103.68333,Floodplain,1570,Northwest,1.5,11/4/15,-37.037,-29.194,29.33,0.018,6.51,0.5,4.6,0.35,18855.634,11828.51,NA
PrKo.4,High,4,13.05496,103.68333,Floodplain,1570,Northwest,1.5,11/4/15,-37.215,-42.619,29.33,0.018,6.51,0.5,4.6,0.35,18474.208,10841.27,NA
PrKo.4,High,4,13.05496,103.68333,Floodplain,1570,Northwest,1.75,11/4/15,NA,NA,29.32,0.018,6.5,0.5,4.3,0.33,19683.127,14585.18,NA
PrKo.4,High,4,13.05496,103.68333,Floodplain,1570,Northwest,1.75,11/4/15,NA,NA,29.32,0.018,6.5,0.5,4.3,0.33,19201.538,15527.11,NA
PrKo.4,High,4,13.05496,103.68333,Floodplain,1570,Northwest,1.75,11/4/15,NA,NA,29.32,0.018,6.5,0.5,4.3,0.33,20271.523,15554.99,NA
PrKo.4,High,4,13.05496,103.68333,Floodplain,1570,Northwest,2,11/4/15,NA,NA,NA,NA,NA,NA,NA,NA,NA,NA,NA
PrKo.4,High,4,13.05496,103.68333,Floodplain,1570,Northwest,2,11/4/15,NA,NA,NA,NA,NA,NA,NA,NA,NA,NA,NA
PrKo.4,High,4,13.05496,103.68333,Floodplain,1570,Northwest,2,11/4/15,NA,NA,NA,NA,NA,NA,NA,NA,NA,NA,NA
PrKo.5,High,5,13.03392,103.65775,Floodplain,3750,Northwest,0.1,11/4/15,-37.245,-39.485,28.83,0.019,6.51,0.3,5.2,0.4,21672.437,24678.2,NA
PrKo.5,High,5,13.03392,103.65775,Floodplain,3750,Northwest,0.1,11/4/15,-37.464,-39.234,28.83,0.019,6.51,0.3,5.2,0.4,22601.819,27937.58,NA
PrKo.5,High,5,13.03392,103.65775,Floodplain,3750,Northwest,0.1,11/4/15,-37.345,-38.516,28.83,0.019,6.51,0.3,5.2,0.4,23234.514,27688.11,NA
PrKo.5,High,5,13.03392,103.65775,Floodplain,3750,Northwest,0.25,11/4/15,-36.755,-39.027,28.83,0.019,6.52,0.3,4.5,0.35,23141.337,26713.54,NA
PrKo.5,High,5,13.03392,103.65775,Floodplain,3750,Northwest,0.25,11/4/15,-36.425,-33.533,28.83,0.019,6.52,0.3,4.5,0.35,23320.851,26313.85,NA
PrKo.5,High,5,13.03392,103.65775,Floodplain,3750,Northwest,0.25,11/4/15,-36.729,-37.204,28.83,0.019,6.52,0.3,4.5,0.35,22699.772,25643.49,NA
PrKo.5,High,5,13.03392,103.65775,Floodplain,3750,Northwest,0.5,11/4/15,-36.598,-40.825,28.83,0.019,6.51,0.3,4.2,0.33,22855.202,26062.67,NA
PrKo.5,High,5,13.03392,103.65775,Floodplain,3750,Northwest,0.5,11/4/15,-36.713,-41.615,28.83,0.019,6.51,0.3,4.2,0.33,21229.607,23275.36,NA
PrKo.5,High,5,13.03392,103.65775,Floodplain,3750,Northwest,0.5,11/4/15,-36.259,-39.329,28.83,0.019,6.51,0.3,4.2,0.33,20989.333,20895.19,NA
PrKo.5,High,5,13.03392,103.65775,Floodplain,3750,Northwest,1,11/4/15,-35.939,-39.944,28.82,0.019,6.48,0.3,4.2,0.33,22441.418,26288.75,NA
PrKo.5,High,5,13.03392,103.65775,Floodplain,3750,Northwest,1,11/4/15,-36.56,-40.304,28.82,0.019,6.48,0.3,4.2,0.33,21531.277,24278.1,NA
PrKo.5,High,5,13.03392,103.65775,Floodplain,3750,Northwest,1,11/4/15,-36.738,-40.16,28.82,0.019,6.48,0.3,4.2,0.33,22796.754,24743.67,NA
PrKo.5,High,5,13.03392,103.65775,Floodplain,3750,Northwest,1.5,11/4/15,-36.818,-42.858,28.83,0.019,6.48,0.3,4,0.31,21367.734,18744.24,NA
PrKo.5,High,5,13.03392,103.65775,Floodplain,3750,Northwest,1.5,11/4/15,-36.772,-41.434,28.83,0.019,6.48,0.3,4,0.31,19816.598,15569.69,NA
PrKo.5,High,5,13.03392,103.65775,Floodplain,3750,Northwest,1.5,11/4/15,-36.672,-40.633,28.83,0.019,6.48,0.3,4,0.31,19856.1,18655.86,NA
PrKo.5,High,5,13.03392,103.65775,Floodplain,3750,Northwest,1.75,11/4/15,NA,NA,NA,NA,NA,NA,NA,NA,NA,NA,NA
PrKo.5,High,5,13.03392,103.65775,Floodplain,3750,Northwest,1.75,11/4/15,NA,NA,NA,NA,NA,NA,NA,NA,NA,NA,NA
PrKo.5,High,5,13.03392,103.65775,Floodplain,3750,Northwest,1.75,11/4/15,NA,NA,NA,NA,NA,NA,NA,NA,NA,NA,NA
PrKo.6,High,6,13.04305,103.66675,Floodplain,5150,Northwest,0.1,11/4/15,-30.518,-34.616,29.51,0.012,6.39,0.6,10,0.76,20326.595,14946.14,2.87
PrKo.6,High,6,13.04305,103.66675,Floodplain,5150,Northwest,0.1,11/4/15,-29.219,-36.096,29.51,0.012,6.39,0.6,10,0.76,21402.073,15554.81,2.77
PrKo.6,High,6,13.04305,103.66675,Floodplain,5150,Northwest,0.1,11/4/15,-29.41,-36.583,29.51,0.012,6.39,0.6,10,0.76,20390.055,16106.78,3.05
PrKo.6,High,6,13.04305,103.66675,Floodplain,5150,Northwest,0.25,11/4/15,-34.85,-42.5,29.64,0.012,6.4,0.6,6.5,0.49,20978.023,20073.08,NA
PrKo.6,High,6,13.04305,103.66675,Floodplain,5150,Northwest,0.25,11/4/15,-34.653,-42.223,29.64,0.012,6.4,0.6,6.5,0.49,20837.191,19603.97,NA
PrKo.6,High,6,13.04305,103.66675,Floodplain,5150,Northwest,0.25,11/4/15,-34.492,-42.102,29.64,0.012,6.4,0.6,6.5,0.49,21014.686,19613.33,NA
PrKo.6,High,6,13.04305,103.66675,Floodplain,5150,Northwest,0.5,11/4/15,-35.684,-43.112,29.41,0.012,6.4,0.6,5.6,0.42,19342.255,17339.23,NA
PrKo.6,High,6,13.04305,103.66675,Floodplain,5150,Northwest,0.5,11/4/15,-35.972,-43.799,29.41,0.012,6.4,0.6,5.6,0.42,21008.162,18253.54,NA
PrKo.6,High,6,13.04305,103.66675,Floodplain,5150,Northwest,0.5,11/4/15,-35.94,-42.408,29.41,0.012,6.4,0.6,5.6,0.42,22470.664,21672.56,NA
PrKo.6,High,6,13.04305,103.66675,Floodplain,5150,Northwest,1,11/4/15,-35.473,-39.663,29.3,0.012,6.39,0.6,5,0.38,21561.916,17604.96,3.85
PrKo.6,High,6,13.04305,103.66675,Floodplain,5150,Northwest,1,11/4/15,-35.169,-40.684,29.3,0.012,6.39,0.6,5,0.38,20527.154,19187.52,4.31
PrKo.6,High,6,13.04305,103.66675,Floodplain,5150,Northwest,1,11/4/15,-35.336,-40.783,29.3,0.012,6.39,0.6,5,0.38,21500.27,17880.86,4.14
PrKo.6,High,6,13.04305,103.66675,Floodplain,5150,Northwest,1.25,11/4/15,NA,NA,NA,NA,NA,NA,NA,NA,NA,NA,NA
PrKo.6,High,6,13.04305,103.66675,Floodplain,5150,Northwest,1.25,11/4/15,NA,NA,NA,NA,NA,NA,NA,NA,NA,NA,NA
PrKo.6,High,6,13.04305,103.66675,Floodplain,5150,Northwest,1.25,11/4/15,NA,NA,NA,NA,NA,NA,NA,NA,NA,NA,NA
AnRe.1,Falling,1,12.65388,104.16687,Pelagic,-1960,Central,0.1,3/3/16,-57.257,-36.875,29.94,0.016,6.58,1.2,NA,NA,25389.102,5.8,20.66
AnRe.1,Falling,1,12.65388,104.16687,Pelagic,-1960,Central,0.1,3/3/16,-61.436,-37.091,29.94,0.016,6.58,1.2,NA,NA,25387.99,5.8,20.86
AnRe.1,Falling,1,12.65388,104.16687,Pelagic,-1960,Central,0.1,3/3/16,-54.797,-37.135,29.94,0.016,6.58,1.2,NA,NA,25952.476,5.8,22.6
AnRe.1,Falling,1,12.65388,104.16687,Pelagic,-1960,Central,0.5,3/3/16,-53.095,-36.776,27.39,0.016,6.54,1.2,NA,NA,33591.526,5.8,15.93
AnRe.1,Falling,1,12.65388,104.16687,Pelagic,-1960,Central,0.5,3/3/16,-52.957,-37.388,27.39,0.016,6.54,1.2,NA,NA,27915.069,5.8,NA
AnRe.1,Falling,1,12.65388,104.16687,Pelagic,-1960,Central,0.5,3/3/16,-51.735,-36.834,27.39,0.016,6.54,1.2,NA,NA,26578.148,5.8,NA
AnRe.1,Falling,1,12.65388,104.16687,Pelagic,-1960,Central,0.75,3/3/16,-43.287,-32.347,26.93,0.016,6.67,1.2,NA,NA,26872.559,5.8,NA
AnRe.1,Falling,1,12.65388,104.16687,Pelagic,-1960,Central,0.75,3/3/16,-61.698,-32.085,26.93,0.016,6.67,1.2,NA,NA,31182.727,5.8,NA
AnRe.1,Falling,1,12.65388,104.16687,Pelagic,-1960,Central,0.75,3/3/16,-59.702,-31.729,26.93,0.016,6.67,1.2,NA,NA,29827.89,5.8,NA
AnRe.1,Falling,1,12.65388,104.16687,Pelagic,-1960,Central,1,3/3/16,-52.397,-37.847,26.84,0.016,6.75,1.2,NA,NA,22880.604,5.8,NA
AnRe.1,Falling,1,12.65388,104.16687,Pelagic,-1960,Central,1,3/3/16,-74.337,-37.611,26.84,0.016,6.75,1.2,NA,NA,22607.801,5.8,NA
AnRe.1,Falling,1,12.65388,104.16687,Pelagic,-1960,Central,1,3/3/16,-53.567,-38.42,26.84,0.016,6.75,1.2,NA,NA,21665.559,5.8,17.11
AnRe.1,Falling,1,12.65388,104.16687,Pelagic,-1960,Central,1.25,3/3/16,-60.319,-37.86,26.83,0.016,6.74,1.2,NA,NA,44515.697,5.8,17.01
AnRe.1,Falling,1,12.65388,104.16687,Pelagic,-1960,Central,1.25,3/3/16,-57.984,-38.192,26.83,0.016,6.74,1.2,NA,NA,41055.821,115.54,16.99
AnRe.1,Falling,1,12.65388,104.16687,Pelagic,-1960,Central,1.25,3/3/16,-60.632,-38.743,26.83,0.016,6.74,1.2,NA,NA,40103.546,118.1,17.07
AnRe.1,Falling,1,12.65388,104.16687,Pelagic,-1960,Central,1.5,3/3/16,NA,NA,NA,NA,NA,NA,NA,NA,NA,NA,NA
AnRe.1,Falling,1,12.65388,104.16687,Pelagic,-1960,Central,1.5,3/3/16,NA,NA,NA,NA,NA,NA,NA,NA,NA,NA,NA
AnRe.1,Falling,1,12.65388,104.16687,Pelagic,-1960,Central,1.5,3/3/16,NA,NA,NA,NA,NA,NA,NA,NA,NA,NA,NA
AnRe.2,Falling,2,12.65222,104.14899,Edge,0,Central,0.1,3/3/16,-50.841,-38.126,25.44,0.016,6.07,0.8,0,0,21958.16,7500.06,14.64
AnRe.2,Falling,2,12.65222,104.14899,Edge,0,Central,0.1,3/3/16,-49.113,-41.028,25.44,0.016,6.07,0.8,0,0,27759.596,8036.83,14.5
AnRe.2,Falling,2,12.65222,104.14899,Edge,0,Central,0.1,3/3/16,-49.098,-40.277,25.44,0.016,6.07,0.8,0,0,26496.732,7202.93,14.97
AnRe.2,Falling,2,12.65222,104.14899,Edge,0,Central,0.25,3/3/16,-49.436,-40.701,25.44,0.016,6.07,0.8,0,0,27245.629,7226.69,NA
AnRe.2,Falling,2,12.65222,104.14899,Edge,0,Central,0.25,3/3/16,-49.833,-37.678,25.44,0.016,6.07,0.8,0,0,20327.032,6032.98,NA
AnRe.2,Falling,2,12.65222,104.14899,Edge,0,Central,0.25,3/3/16,-49.303,-41.002,25.44,0.016,6.07,0.8,0,0,19801.615,5628.63,NA
AnRe.2,Falling,2,12.65222,104.14899,Edge,0,Central,0.5,3/3/16,NA,NA,NA,NA,NA,NA,NA,NA,NA,NA,NA
AnRe.2,Falling,2,12.65222,104.14899,Edge,0,Central,0.5,3/3/16,NA,NA,NA,NA,NA,NA,NA,NA,NA,NA,NA
AnRe.2,Falling,2,12.65222,104.14899,Edge,0,Central,0.5,3/3/16,NA,NA,NA,NA,NA,NA,NA,NA,NA,NA,NA
KaPr.1,Falling,1,12.51286,104.48435,Pelagic,-390,Southwest,0.1,3/2/16,-56.301,-37.972,28.59,0.017,6.95,2.5,82.1,6.4,25234.871,291.39,17.47
KaPr.1,Falling,1,12.51286,104.48435,Pelagic,-390,Southwest,0.1,3/2/16,-49.477,-31.95,28.59,0.017,6.95,2.5,82.1,6.4,21816.705,241.62,17.76
KaPr.1,Falling,1,12.51286,104.48435,Pelagic,-390,Southwest,0.1,3/2/16,-31.973,-33.195,28.59,0.017,6.95,2.5,82.1,6.4,28799.711,308.58,17.32
KaPr.1,Falling,1,12.51286,104.48435,Pelagic,-390,Southwest,0.5,3/2/16,-30.865,-36.686,27.78,0.017,6.83,2.5,79.1,6.3,28333.111,260.22,NA
KaPr.1,Falling,1,12.51286,104.48435,Pelagic,-390,Southwest,0.5,3/2/16,-43.075,-32.524,27.78,0.017,6.83,2.5,79.1,6.3,26579.009,319.13,NA
KaPr.1,Falling,1,12.51286,104.48435,Pelagic,-390,Southwest,0.5,3/2/16,-47.288,-29.782,27.78,0.017,6.83,2.5,79.1,6.3,24942.094,297.56,NA
KaPr.1,Falling,1,12.51286,104.48435,Pelagic,-390,Southwest,1,3/2/16,-33.96,-30.828,27.21,0.017,6.95,2.5,78.9,6.27,27837.038,180.09,NA
KaPr.1,Falling,1,12.51286,104.48435,Pelagic,-390,Southwest,1,3/2/16,-50.637,-34.554,27.21,0.017,6.95,2.5,78.9,6.27,24897.709,170.6,NA
KaPr.1,Falling,1,12.51286,104.48435,Pelagic,-390,Southwest,1,3/2/16,-55.287,-35.419,27.21,0.017,6.95,2.5,78.9,6.27,20816.769,102.66,NA
KaPr.1,Falling,1,12.51286,104.48435,Pelagic,-390,Southwest,1.5,3/2/16,-42.085,-37.424,27.06,0.017,7.12,2.5,80.2,6.39,33563.278,126.4,16.72
KaPr.1,Falling,1,12.51286,104.48435,Pelagic,-390,Southwest,1.5,3/2/16,-35.135,-37.651,27.06,0.017,7.12,2.5,80.2,6.39,28609.206,164.81,16.55
KaPr.1,Falling,1,12.51286,104.48435,Pelagic,-390,Southwest,1.5,3/2/16,-35.598,-38.763,27.06,0.017,7.12,2.5,80.2,6.39,29011.275,180.95,15.16
KaPr.1,Falling,1,12.51286,104.48435,Pelagic,-390,Southwest,1.75,3/2/16,NA,NA,NA,NA,NA,NA,NA,NA,NA,NA,NA
KaPr.1,Falling,1,12.51286,104.48435,Pelagic,-390,Southwest,1.75,3/2/16,NA,NA,NA,NA,NA,NA,NA,NA,NA,NA,NA
KaPr.1,Falling,1,12.51286,104.48435,Pelagic,-390,Southwest,1.75,3/2/16,NA,NA,NA,NA,NA,NA,NA,NA,NA,NA,NA
KaPr.2,Falling,2,12.51012,104.48435,Edge,0,Southwest,0.1,3/2/16,-73.087,-44.063,29.01,0.015,6.66,2.5,0,0,19755.998,480.56,10.42
KaPr.2,Falling,2,12.51012,104.48435,Edge,0,Southwest,0.1,3/2/16,-71.194,-49.509,29.01,0.015,6.66,2.5,0,0,20700.975,415.84,NA
KaPr.2,Falling,2,12.51012,104.48435,Edge,0,Southwest,0.1,3/2/16,-61.897,-38.264,29.01,0.015,6.66,2.5,0,0,27695.118,5251.23,14.63
KaPr.2,Falling,2,12.51012,104.48435,Edge,0,Southwest,0.25,3/2/16,-73.224,-50.091,29.01,0.015,6.66,2.5,0,0,20820.022,94.94,NA
KaPr.2,Falling,2,12.51012,104.48435,Edge,0,Southwest,0.25,3/2/16,-80.42,-49.235,29.01,0.015,6.66,2.5,0,0,15122.655,44.68,NA
KaPr.2,Falling,2,12.51012,104.48435,Edge,0,Southwest,0.25,3/2/16,-74.636,-48.927,29.01,0.015,6.66,2.5,0,0,19905.141,385.34,NA
KaPr.2,Falling,2,12.51012,104.48435,Edge,0,Southwest,0.5,3/2/16,NA,NA,NA,NA,NA,NA,NA,NA,NA,NA,NA
KaPr.2,Falling,2,12.51012,104.48435,Edge,0,Southwest,0.5,3/2/16,NA,NA,NA,NA,NA,NA,NA,NA,NA,NA,NA
KaPr.2,Falling,2,12.51012,104.48435,Edge,0,Southwest,0.5,3/2/16,NA,NA,NA,NA,NA,NA,NA,NA,NA,NA,NA
PrKo.1,Falling,1,13.0735,103.71883,Pelagic,-2780,Northwest,0.1,3/7/16,-64.385,-31.851,33.15,0.017,8.42,2.6,NA,NA,13815.708,5.8,22.76
PrKo.1,Falling,1,13.0735,103.71883,Pelagic,-2780,Northwest,0.1,3/7/16,-78.038,-30.5,33.15,0.017,8.42,2.6,NA,NA,16591.506,5.8,22.7
PrKo.1,Falling,1,13.0735,103.71883,Pelagic,-2780,Northwest,0.1,3/7/16,-85.188,-30.259,33.15,0.017,8.42,2.6,NA,NA,15601.519,5.8,22.71
PrKo.1,Falling,1,13.0735,103.71883,Pelagic,-2780,Northwest,0.25,3/7/16,-85.677,-31.514,33.02,0.017,8.36,2.6,NA,NA,16305.104,5.8,NA
PrKo.1,Falling,1,13.0735,103.71883,Pelagic,-2780,Northwest,0.25,3/7/16,-91.691,-34.661,33.02,0.017,8.36,2.6,NA,NA,16464.005,5.8,NA
PrKo.1,Falling,1,13.0735,103.71883,Pelagic,-2780,Northwest,0.25,3/7/16,-87.09,-33.17,33.02,0.017,8.36,2.6,NA,NA,15185.269,5.8,NA
PrKo.1,Falling,1,13.0735,103.71883,Pelagic,-2780,Northwest,0.5,3/7/16,-64.618,-32.988,33.08,0.017,8.3,2.6,NA,NA,17939.235,5.8,21.1
PrKo.1,Falling,1,13.0735,103.71883,Pelagic,-2780,Northwest,0.5,3/7/16,-63.029,-32.469,33.08,0.017,8.3,2.6,NA,NA,15416.509,5.8,21.8
PrKo.1,Falling,1,13.0735,103.71883,Pelagic,-2780,Northwest,0.5,3/7/16,-66.626,-31.575,33.08,0.017,8.3,2.6,NA,NA,16635.76,5.8,21.99
PrKo.1,Falling,1,13.0735,103.71883,Pelagic,-2780,Northwest,0.75,3/7/16,NA,NA,NA,NA,NA,NA,NA,NA,NA,NA,NA
PrKo.1,Falling,1,13.0735,103.71883,Pelagic,-2780,Northwest,0.75,3/7/16,NA,NA,NA,NA,NA,NA,NA,NA,NA,NA,NA
PrKo.1,Falling,1,13.0735,103.71883,Pelagic,-2780,Northwest,0.75,3/7/16,NA,NA,NA,NA,NA,NA,NA,NA,NA,NA,NA
PrKo.2,Falling,2,13.06167,103.69593,Edge,0,Northwest,0.1,3/7/16,-64.363,-31.389,33.7,0.017,8.36,1.6,NA,NA,25057.179,110.22,32.124
PrKo.2,Falling,2,13.06167,103.69593,Edge,0,Northwest,0.1,3/7/16,-67.497,-32.446,33.7,0.017,8.36,1.6,NA,NA,28450.64,139.12,32.469
PrKo.2,Falling,2,13.06167,103.69593,Edge,0,Northwest,0.1,3/7/16,-67.003,-33.078,33.7,0.017,8.36,1.6,NA,NA,31518.382,206.03,32.762
PrKo.2,Falling,2,13.06167,103.69593,Edge,0,Northwest,0.25,3/7/16,-95.216,-34.238,33.7,0.017,8.3,1.6,NA,NA,40278.659,405.06,NA
PrKo.2,Falling,2,13.06167,103.69593,Edge,0,Northwest,0.25,3/7/16,-97.306,-35.637,33.7,0.017,8.3,1.6,NA,NA,29368.392,162.51,NA
PrKo.2,Falling,2,13.06167,103.69593,Edge,0,Northwest,0.25,3/7/16,-89.72,-33.403,33.7,0.017,8.3,1.6,NA,NA,29968.239,160.41,NA
PrKo.2,Falling,2,13.06167,103.69593,Edge,0,Northwest,0.5,3/7/16,NA,NA,NA,NA,NA,NA,NA,NA,NA,NA,NA
PrKo.2,Falling,2,13.06167,103.69593,Edge,0,Northwest,0.5,3/7/16,NA,NA,NA,NA,NA,NA,NA,NA,NA,NA,NA
PrKo.2,Falling,2,13.06167,103.69593,Edge,0,Northwest,0.5,3/7/16,NA,NA,NA,NA,NA,NA,NA,NA,NA,NA,NA
AnRe.0,Rising,1,12.4163,104.1239,Pelagic,-4671,Central,0.1,9/27/14,NA,NA,31.8,89,7.32,0.4,88.2,6.45,1256.32,7.18,NA
AnRe.0,Rising,1,12.4163,104.1239,Pelagic,-4671,Central,0.1,9/27/14,NA,NA,31.8,89,7.32,0.4,88.2,6.45,1171.5,3.97,NA
AnRe.0,Rising,1,12.4163,104.1239,Pelagic,-4671,Central,0.1,9/27/14,NA,NA,31.8,89,7.32,0.4,88.2,6.45,1621.61,4.27,NA
AnRe.0,Rising,1,12.4163,104.1239,Pelagic,-4671,Central,0.1,9/27/14,NA,NA,31.8,89,7.32,0.4,88.2,6.45,3037.04,3.74,NA
AnRe.0,Rising,1,12.4163,104.1239,Pelagic,-4671,Central,6.5,9/27/14,NA,NA,NA,NA,NA,0.4,NA,NA,1140.73,5.8,NA
AnRe.0,Rising,1,12.4163,104.1239,Pelagic,-4671,Central,6.5,9/27/14,NA,NA,NA,NA,NA,0.4,NA,NA,1181.25,5.8,NA
AnRe.0,Rising,1,12.4163,104.1239,Pelagic,-4671,Central,6.5,9/27/14,NA,NA,NA,NA,NA,0.4,NA,NA,3125.56,5.8,NA
AnRe.0,Rising,1,12.4163,104.1239,Pelagic,-4671,Central,6.5,9/27/14,NA,NA,NA,NA,NA,0.4,NA,NA,1218.16,5.8,NA
AnRe.1,Rising,1,12.39384,104.10967,Pelagic,-2184,Central,0.1,9/27/14,NA,NA,32.6,81,7.38,0.7,96.1,6.87,2842.75,63.13,NA
AnRe.1,Rising,1,12.39384,104.10967,Pelagic,-2184,Central,0.1,9/27/14,NA,NA,32.6,81,7.38,0.7,96.1,6.87,1511.79,49.37,NA
AnRe.1,Rising,1,12.39384,104.10967,Pelagic,-2184,Central,0.1,9/27/14,NA,NA,32.6,81,7.38,0.7,96.1,6.87,1533.84,70.99,NA
AnRe.1,Rising,1,12.39384,104.10967,Pelagic,-2184,Central,0.1,9/27/14,NA,NA,32.6,81,7.38,0.7,96.1,6.87,1057.54,5.31,NA
AnRe.1,Rising,1,12.39384,104.10967,Pelagic,-2184,Central,7,9/27/14,NA,NA,NA,NA,NA,0.7,NA,NA,2364.74,1041.98,NA
AnRe.1,Rising,1,12.39384,104.10967,Pelagic,-2184,Central,7,9/27/14,NA,NA,NA,NA,NA,0.7,NA,NA,3134.87,2306.66,NA
AnRe.1,Rising,1,12.39384,104.10967,Pelagic,-2184,Central,7,9/27/14,NA,NA,NA,NA,NA,0.7,NA,NA,6481.99,1832.12,NA
AnRe.2,Rising,2,12.39068,104.08982,Edge,0,Central,0.1,9/26/14,NA,NA,32.5,78,7.3,0.3,93.3,6.84,4105.83,68.53,NA
AnRe.2,Rising,2,12.39068,104.08982,Edge,0,Central,0.1,9/26/14,NA,NA,32.5,78,7.3,0.3,93.3,6.84,3450.46,14.77,NA
AnRe.2,Rising,2,12.39068,104.08982,Edge,0,Central,0.1,9/26/14,NA,NA,32.5,78,7.3,0.3,93.3,6.84,3860.04,14.71,NA
AnRe.2,Rising,2,12.39068,104.08982,Edge,0,Central,0.1,9/26/14,NA,NA,32.5,78,7.3,0.3,93.3,6.84,2423.16,8.96,NA
AnRe.2,Rising,2,12.39068,104.08982,Edge,0,Central,3,9/26/14,NA,NA,NA,NA,NA,0.3,NA,NA,6696.02,877.03,NA
AnRe.2,Rising,2,12.39068,104.08982,Edge,0,Central,3,9/26/14,NA,NA,NA,NA,NA,0.3,NA,NA,4640.74,251.13,NA
AnRe.2,Rising,2,12.39068,104.08982,Edge,0,Central,3,9/26/14,NA,NA,NA,NA,NA,0.3,NA,NA,5560.58,740.37,NA
AnRe.2,Rising,2,12.39068,104.08982,Edge,0,Central,3,9/26/14,NA,NA,NA,NA,NA,0.3,NA,NA,6556.9,986.02,NA
AnRe.4,Rising,4,12.38396,104.08141,Floodplain,1800,Central,0.1,9/25/14,NA,NA,33.2,73,7.34,1.9,93,6.74,3395.04,43.27,NA
AnRe.4,Rising,4,12.38396,104.08141,Floodplain,1800,Central,0.1,9/25/14,NA,NA,33.2,73,7.34,1.9,93,6.74,3377.82,24.89,NA
AnRe.4,Rising,4,12.38396,104.08141,Floodplain,1800,Central,0.1,9/25/14,NA,NA,33.2,73,7.34,1.9,93,6.74,2550.06,16.57,NA
AnRe.4,Rising,4,12.38396,104.08141,Floodplain,1800,Central,0.1,9/25/14,NA,NA,33.2,73,7.34,1.9,93,6.74,2679.67,16.88,NA
AnRe.4,Rising,4,12.38396,104.08141,Floodplain,1800,Central,4,9/25/14,NA,NA,NA,NA,NA,1.9,NA,NA,3442.59,45.29,NA
AnRe.4,Rising,4,12.38396,104.08141,Floodplain,1800,Central,4,9/25/14,NA,NA,NA,NA,NA,1.9,NA,NA,5952.49,3511.15,NA
AnRe.4,Rising,4,12.38396,104.08141,Floodplain,1800,Central,4,9/25/14,NA,NA,NA,NA,NA,1.9,NA,NA,5440.86,297.36,NA
AnRe.4,Rising,4,12.38396,104.08141,Floodplain,1800,Central,4,9/25/14,NA,NA,NA,NA,NA,1.9,NA,NA,6830.92,4116.38,NA
AnRe.5,Rising,5,12.38259,104.07833,Floodplain,1538,Central,0.1,9/26/14,NA,NA,32.5,46,6.88,0.3,90.1,6.54,2119.62,72.47,NA
AnRe.5,Rising,5,12.38259,104.07833,Floodplain,1538,Central,0.1,9/26/14,NA,NA,32.5,46,6.88,0.3,90.1,6.54,2451.33,14.15,NA
AnRe.5,Rising,5,12.38259,104.07833,Floodplain,1538,Central,0.1,9/26/14,NA,NA,32.5,46,6.88,0.3,90.1,6.54,3001.6,11.38,NA
AnRe.5,Rising,5,12.38259,104.07833,Floodplain,1538,Central,0.1,9/26/14,NA,NA,32.5,46,6.88,0.3,90.1,6.54,4078.3,15.01,NA
AnRe.5,Rising,5,12.38259,104.07833,Floodplain,1538,Central,2,9/26/14,NA,NA,NA,NA,NA,0.3,NA,NA,5456.17,15.74,NA
AnRe.5,Rising,5,12.38259,104.07833,Floodplain,1538,Central,2,9/26/14,NA,NA,NA,NA,NA,0.3,NA,NA,6202.98,16.6,NA
AnRe.5,Rising,5,12.38259,104.07833,Floodplain,1538,Central,2,9/26/14,NA,NA,NA,NA,NA,0.3,NA,NA,5204.77,16.54,NA
AnRe.5,Rising,5,12.38259,104.07833,Floodplain,1538,Central,2,9/26/14,NA,NA,NA,NA,NA,0.3,NA,NA,5501.51,17.78,NA
AnRe.6,Rising,6,12.37831,104.07717,Floodplain,1944,Central,0.1,9/26/14,NA,NA,30.8,32,6.32,0.5,61.5,4.48,5036.92,19.76,NA
AnRe.6,Rising,6,12.37831,104.07717,Floodplain,1944,Central,0.1,9/26/14,NA,NA,30.8,32,6.32,0.5,61.5,4.48,4902.66,18.68,NA
AnRe.6,Rising,6,12.37831,104.07717,Floodplain,1944,Central,0.1,9/26/14,NA,NA,30.8,32,6.32,0.5,61.5,4.48,5225.81,20.1,NA
AnRe.6,Rising,6,12.37831,104.07717,Floodplain,1944,Central,0.1,9/26/14,NA,NA,30.8,32,6.32,0.5,61.5,4.48,5029.78,19.73,NA
AnRe.6,Rising,6,12.37831,104.07717,Floodplain,1944,Central,2,9/26/14,NA,NA,NA,NA,NA,0.5,NA,NA,4734.17,17.03,NA
AnRe.6,Rising,6,12.37831,104.07717,Floodplain,1944,Central,2,9/26/14,NA,NA,NA,NA,NA,0.5,NA,NA,4230.91,20.18,NA
AnRe.6,Rising,6,12.37831,104.07717,Floodplain,1944,Central,2,9/26/14,NA,NA,NA,NA,NA,0.5,NA,NA,5826.62,22.28,NA
AnRe.6,Rising,6,12.37831,104.07717,Floodplain,1944,Central,2,9/26/14,NA,NA,NA,NA,NA,0.5,NA,NA,6397,26.64,NA
AnRe.7,Rising,7,12.37566,104.07273,Floodplain,2497,Central,0.1,9/26/14,NA,NA,30.5,34,6.08,1,33.9,2.52,6697.35,70.88,NA
AnRe.7,Rising,7,12.37566,104.07273,Floodplain,2497,Central,0.1,9/26/14,NA,NA,30.5,34,6.08,1,33.9,2.52,6437.92,80.35,NA
AnRe.7,Rising,7,12.37566,104.07273,Floodplain,2497,Central,0.1,9/26/14,NA,NA,30.5,34,6.08,1,33.9,2.52,6861.06,81.54,NA
AnRe.7,Rising,7,12.37566,104.07273,Floodplain,2497,Central,0.1,9/26/14,NA,NA,30.5,34,6.08,1,33.9,2.52,3509.17,39.63,NA
AnRe.7,Rising,7,12.37566,104.07273,Floodplain,2497,Central,2.5,9/26/14,NA,NA,NA,NA,NA,1,NA,NA,7006.57,76.62,NA
AnRe.7,Rising,7,12.37566,104.07273,Floodplain,2497,Central,2.5,9/26/14,NA,NA,NA,NA,NA,1,NA,NA,4179.79,55.25,NA
AnRe.7,Rising,7,12.37566,104.07273,Floodplain,2497,Central,2.5,9/26/14,NA,NA,NA,NA,NA,1,NA,NA,4441.18,53.43,NA
AnRe.7,Rising,7,12.37566,104.07273,Floodplain,2497,Central,2.5,9/26/14,NA,NA,NA,NA,NA,1,NA,NA,5789.07,46.12,NA
AnRe.8,Rising,8,12.37188,104.0699,Floodplain,3008,Central,0.1,9/26/14,NA,NA,30.8,37,6.32,1,40.3,2.94,4635.81,43.25,NA
AnRe.8,Rising,8,12.37188,104.0699,Floodplain,3008,Central,0.1,9/26/14,NA,NA,30.8,37,6.32,1,40.3,2.94,6100.89,51.95,NA
AnRe.8,Rising,8,12.37188,104.0699,Floodplain,3008,Central,2.5,9/26/14,NA,NA,NA,NA,NA,1,NA,NA,7300.04,2310.23,NA
AnRe.8,Rising,8,12.37188,104.0699,Floodplain,3008,Central,2.5,9/26/14,NA,NA,NA,NA,NA,1,NA,NA,12513.27,5054.95,NA
AnRe.8,Rising,8,12.37188,104.0699,Floodplain,3008,Central,2.5,9/26/14,NA,NA,NA,NA,NA,1,NA,NA,10948.02,3882.39,NA
AnRe.8,Rising,8,12.37188,104.0699,Floodplain,3008,Central,2.5,9/26/14,NA,NA,NA,NA,NA,1,NA,NA,16527.65,7897.15,NA
AnRe.9,Rising,9,12.36774,104.06726,Floodplain,3537,Central,0.1,9/26/14,NA,NA,30.1,38,6.87,1.7,82.5,6.34,5499.5,199.06,NA
AnRe.9,Rising,9,12.36774,104.06726,Floodplain,3537,Central,0.1,9/26/14,NA,NA,30.1,38,6.87,1.7,82.5,6.34,4407.69,24.19,NA
AnRe.9,Rising,9,12.36774,104.06726,Floodplain,3537,Central,0.1,9/26/14,NA,NA,30.1,38,6.87,1.7,82.5,6.34,4386.7,17.33,NA
AnRe.9,Rising,9,12.36774,104.06726,Floodplain,3537,Central,0.1,9/26/14,NA,NA,30.1,38,6.87,1.7,82.5,6.34,3963.26,13.85,NA
AnRe.9,Rising,9,12.36774,104.06726,Floodplain,3537,Central,2,9/26/14,NA,NA,NA,NA,NA,1.7,NA,NA,6463.4,30.95,NA
AnRe.9,Rising,9,12.36774,104.06726,Floodplain,3537,Central,2,9/26/14,NA,NA,NA,NA,NA,1.7,NA,NA,5101.77,24.68,NA
AnRe.9,Rising,9,12.36774,104.06726,Floodplain,3537,Central,2,9/26/14,NA,NA,NA,NA,NA,1.7,NA,NA,5414.6,27.78,NA
AnRe.9,Rising,9,12.36774,104.06726,Floodplain,3537,Central,2,9/26/14,NA,NA,NA,NA,NA,1.7,NA,NA,5987.6,28.63,NA